{
    "weights": {
        "TGC": 0.13419,
        "ATW": 0.08846,
        "IAM": 0.10037,
        "BOA": 0.07971,
        "ADI": 0.10406,
        "MDP": 0.06159,
        "AKT": 0.14041,
        "IMO": 0.0597,
        "MUT": 0.06873,
        "RIS": 0.09439,
        "BCP": 0.0684
    },
    "timestamp": 1750547320037,
    "portfolio_id": "portf1",
    "expected_sharpe": 0.5831372432908379
}