{"AKT": {"AKT": 0.0001743768126749, "ATW": 3.366170873719601e-05, "BOA": 2.568369962705215e-05, "BCP": 1.6436251330931378e-05, "MDP": 6.8545625707338405e-06, "MUT": 1.8253478545382957e-05, "IAM": 5.0123280450753584e-05, "RIS": 4.353116513890776e-05, "TGC": 3.740084289736732e-05, "ADI": 5.186395444580218e-05, "IMO": 1.96624544034893e-06}, "ATW": {"AKT": 3.366170873719601e-05, "ATW": 5.69627682856741e-05, "BOA": 2.829343746860078e-05, "BCP": 2.439758501632688e-05, "MDP": 1.2494202221866987e-05, "MUT": 2.004774051907209e-05, "IAM": 3.2724617911789634e-05, "RIS": 3.44838875952073e-05, "TGC": 5.389445840307472e-05, "ADI": 5.365286099179511e-05, "IMO": 4.306485798006226e-06}, "BOA": {"AKT": 2.568369962705215e-05, "ATW": 2.829343746860078e-05, "BOA": 7.759523044981414e-05, "BCP": 2.8042594979653616e-05, "MDP": 9.0999022643962e-06, "MUT": 1.978276065820406e-05, "IAM": 2.245022491528322e-05, "RIS": 3.0190382704643004e-05, "TGC": 9.275045227300583e-06, "ADI": 4.01620411762632e-05, "IMO": -1.3613955718583533e-06}, "BCP": {"AKT": 1.6436251330931378e-05, "ATW": 2.439758501632688e-05, "BOA": 2.8042594979653616e-05, "BCP": 5.296891714244438e-05, "MDP": 3.400668647872447e-06, "MUT": 1.6029618990659322e-05, "IAM": 2.900540131066391e-05, "RIS": 1.6496835774473063e-05, "TGC": 1.1255020648517674e-06, "ADI": 1.668793460439225e-05, "IMO": -5.563324842883615e-06}, "MDP": {"AKT": 6.8545625707338405e-06, "ATW": 1.2494202221866987e-05, "BOA": 9.0999022643962e-06, "BCP": 3.400668647872447e-06, "MDP": 0.0002003173247836, "MUT": 1.5022863329172244e-06, "IAM": 2.4439229108494543e-05, "RIS": 2.0743471288844577e-05, "TGC": -2.205701742862803e-07, "ADI": -6.042832462366327e-05, "IMO": 4.561268964727679e-06}, "MUT": {"AKT": 1.8253478545382957e-05, "ATW": 2.004774051907209e-05, "BOA": 1.978276065820406e-05, "BCP": 1.6029618990659322e-05, "MDP": 1.5022863329172244e-06, "MUT": 0.0001047337202548, "IAM": 1.5359595255344676e-05, "RIS": 2.6852506537966323e-05, "TGC": 1.6462864399594182e-05, "ADI": 5.2603564720214965e-05, "IMO": -1.6931641175446385e-06}, "IAM": {"AKT": 5.0123280450753584e-05, "ATW": 3.2724617911789634e-05, "BOA": 2.245022491528322e-05, "BCP": 2.900540131066391e-05, "MDP": 2.4439229108494543e-05, "MUT": 1.5359595255344676e-05, "IAM": 0.0001854854446435, "RIS": 1.5627641813295796e-05, "TGC": 3.421686379160632e-07, "ADI": 5.645677659962151e-05, "IMO": 2.29416243135079e-06}, "RIS": {"AKT": 4.353116513890776e-05, "ATW": 3.44838875952073e-05, "BOA": 3.0190382704643004e-05, "BCP": 1.6496835774473063e-05, "MDP": 2.0743471288844577e-05, "MUT": 2.6852506537966323e-05, "IAM": 1.5627641813295796e-05, "RIS": 0.0002886078416321, "TGC": 3.57094208378941e-05, "ADI": 3.1941937277785466e-05, "IMO": -5.595163618986615e-06}, "TGC": {"AKT": 3.740084289736732e-05, "ATW": 5.389445840307472e-05, "BOA": 9.275045227300583e-06, "BCP": 1.1255020648517674e-06, "MDP": -2.205701742862803e-07, "MUT": 1.6462864399594182e-05, "IAM": 3.421686379160632e-07, "RIS": 3.57094208378941e-05, "TGC": 0.0002533460347552, "ADI": 5.8584492994271e-05, "IMO": 1.2330353045571516e-05}, "ADI": {"AKT": 5.186395444580218e-05, "ATW": 5.365286099179511e-05, "BOA": 4.01620411762632e-05, "BCP": 1.668793460439225e-05, "MDP": -6.042832462366327e-05, "MUT": 5.2603564720214965e-05, "IAM": 5.645677659962151e-05, "RIS": 3.1941937277785466e-05, "TGC": 5.8584492994271e-05, "ADI": 0.000394667071374, "IMO": -5.251688470565741e-06}, "IMO": {"AKT": 1.96624544034893e-06, "ATW": 4.306485798006226e-06, "BOA": -1.3613955718583533e-06, "BCP": -5.563324842883615e-06, "MDP": 4.561268964727679e-06, "MUT": -1.6931641175446385e-06, "IAM": 2.29416243135079e-06, "RIS": -5.595163618986615e-06, "TGC": 1.2330353045571516e-05, "ADI": -5.251688470565741e-06, "IMO": 2.870989328361108e-05}}